ID,Class
750,Chell
751,Chell
752,Chell
753,Chell
754,Chell
755,Chell
756,Chell
757,Chell
758,Chell
759,Chell
760,Chell
761,Chell
762,Chell
763,Chell
764,Chell
765,Chell
766,Chell
767,Chell
768,Chell
769,Chell
770,Chell
771,Chell
772,Chell
773,Chell
774,Chell
775,Chell
776,Chell
777,Chell
778,Chell
779,Chell
780,Chell
781,Chell
782,Chell
783,Chell
784,Chell
785,Chell
786,Chell
787,Chell
788,Chell
789,Chell
790,Chell
791,Chell
792,Chell
793,Chell
794,Chell
795,Chell
796,Chell
797,Chell
798,Chell
799,Chell
800,Chell
801,Chell
802,Chell
803,Chell
804,Chell
805,Chell
806,Chell
807,Chell
808,Chell
809,Chell
810,Chell
811,Chell
812,Chell
813,Chell
814,Chell
815,Chell
816,Chell
817,Chell
818,Chell
819,Chell
820,Chell
821,Chell
822,Chell
823,Chell
824,Chell
825,Chell
826,Chell
827,Chell
828,Chell
829,Chell
830,Chell
831,Chell
832,Chell
833,Chell
834,Chell
835,Chell
836,Chell
837,Chell
838,Chell
839,Chell
840,Chell
841,Chell
842,Chell
843,Chell
844,Chell
845,Chell
846,Chell
847,Chell
848,Chell
849,Chell
850,Chell
851,Chell
852,Chell
853,Chell
854,Chell
855,Chell
856,Chell
857,Chell
858,Chell
859,Chell
860,Chell
861,Chell
862,Chell
863,Chell
864,Chell
865,Chell
866,Chell
867,Chell
868,Chell
869,Chell
870,Chell
871,Chell
872,Chell
873,Chell
874,Chell
875,Chell
876,Chell
877,Chell
878,Chell
879,Chell
880,Chell
881,Chell
882,Chell
883,Chell
884,Chell
885,Chell
886,Chell
887,Chell
888,Chell
889,Chell
890,Chell
891,Chell
892,Chell
893,Chell
894,Chell
895,Chell
896,Chell
897,Chell
898,Chell
899,Chell
900,Chell
901,Chell
902,Chell
903,Chell
904,Chell
905,Chell
906,Chell
907,Chell
908,Chell
909,Chell
910,Chell
911,Chell
912,Chell
913,Chell
914,Chell
915,Chell
916,Chell
917,Chell
918,Chell
919,Chell
920,Chell
921,Chell
922,Chell
923,Chell
924,Chell
925,Chell
926,Chell
927,Chell
928,Chell
929,Chell
930,Chell
931,Chell
932,Chell
933,Chell
934,Chell
935,Chell
936,Chell
937,Chell
938,Chell
939,Chell
940,Chell
941,Chell
942,Chell
943,Chell
944,Chell
945,Chell
946,Chell
947,Chell
948,Chell
949,Chell
950,Chell
951,Chell
952,Chell
953,Chell
954,Chell
955,Chell
956,Chell
957,Chell
958,Chell
959,Chell
960,Chell
961,Chell
962,Chell
963,Chell
964,Chell
965,Chell
966,Chell
967,Chell
968,Chell
969,Chell
970,Chell
971,Chell
972,Chell
973,Chell
974,Chell
975,Chell
976,Chell
977,Chell
978,Chell
979,Chell
980,Chell
981,Chell
982,Chell
983,Chell
984,Chell
985,Chell
986,Chell
987,Chell
988,Chell
989,Chell
990,Chell
991,Chell
992,Chell
993,Chell
994,Chell
995,Chell
996,Chell
997,Chell
998,Chell
999,Chell
1000,Chell
1001,Chell
1002,Chell
1003,Chell
1004,Chell
1005,Chell
1006,Chell
1007,Chell
1008,Chell
1009,Chell
1010,Chell
1011,Chell
1012,Chell
1013,Chell
1014,Chell
1015,Chell
1016,Chell
1017,Chell
1018,Chell
1019,Chell
1020,Chell
1021,Chell
1022,Chell
1023,Chell
1024,Chell
1025,Chell
1026,Chell
1027,Chell
1028,Chell
1029,Chell
1030,Chell
1031,Chell
1032,Chell
1033,Chell
1034,Chell
1035,Chell
1036,Chell
1037,Chell
1038,Chell
1039,Chell
1040,Chell
1041,Chell
1042,Chell
1043,Chell
1044,Chell
1045,Chell
1046,Chell
1047,Chell
1048,Chell
1049,Chell
1050,Chell
1051,Chell
1052,Chell
1053,Chell
1054,Chell
1055,Chell
1056,Chell
1057,Chell
1058,Chell
1059,Chell
1060,Chell
1061,Chell
1062,Chell
1063,Chell
1064,Chell
1065,Chell
1066,Chell
1067,Chell
1068,Chell
1069,Chell
1070,Chell
1071,Chell
1072,Chell
1073,Chell
1074,Chell
1075,Chell
1076,Chell
1077,Chell
1078,Chell
1079,Chell
1080,Chell
1081,Chell
1082,Chell
1083,Chell
1084,Chell
1085,Chell
1086,Chell
1087,Chell
1088,Chell
1089,Chell
1090,Chell
1091,Chell
1092,Chell
1093,Chell
1094,Chell
1095,Chell
1096,Chell
1097,Chell
1098,Chell
1099,Chell
1100,Chell
1101,Chell
1102,Chell
1103,Chell
1104,Chell
1105,Chell
1106,Chell
1107,Chell
1108,Chell
1109,Chell
1110,Chell
1111,Chell
1112,Chell
1113,Chell
1114,Chell
1115,Chell
1116,Chell
1117,Chell
1118,Chell
1119,Chell
1120,Chell
1121,Chell
1122,Chell
1123,Chell
1124,Chell
1125,Chell
1126,Chell
1127,Chell
1128,Chell
1129,Chell
1130,Chell
1131,Chell
1132,Chell
1133,Chell
1134,Chell
1135,Chell
1136,Chell
1137,Chell
1138,Chell
1139,Chell
1140,Chell
1141,Chell
1142,Chell
1143,Chell
1144,Chell
1145,Chell
1146,Chell
1147,Chell
1148,Chell
1149,Chell
1150,Chell
1151,Chell
1152,Chell
1153,Chell
1154,Chell
1155,Chell
1156,Chell
1157,Chell
1158,Chell
1159,Chell
1160,Chell
1161,Chell
1162,Chell
1163,Chell
1164,Chell
1165,Chell
1166,Chell
1167,Chell
1168,Chell
1169,Chell
1170,Chell
1171,Chell
1172,Chell
1173,Chell
1174,Chell
1175,Chell
1176,Chell
1177,Chell
1178,Chell
1179,Chell
1180,Chell
1181,Chell
1182,Chell
1183,Chell
1184,Chell
1185,Chell
1186,Chell
1187,Chell
1188,Chell
1189,Chell
1190,Chell
1191,Chell
1192,Chell
1193,Chell
1194,Chell
1195,Chell
1196,Chell
1197,Chell
1198,Chell
1199,Chell
1200,Chell
1201,Chell
1202,Chell
1203,Chell
1204,Chell
1205,Chell
1206,Chell
1207,Chell
1208,Chell
1209,Chell
1210,Chell
1211,Chell
1212,Chell
1213,Chell
1214,Chell
1215,Chell
1216,Chell
1217,Chell
1218,Chell
1219,Chell
1220,Chell
1221,Chell
1222,Chell
1223,Chell
1224,Chell
1225,Chell
1226,Chell
1227,Chell
1228,Chell
1229,Chell
1230,Chell
1231,Chell
1232,Chell
1233,Chell
1234,Chell
1235,Chell
1236,Chell
1237,Chell
1238,Chell
1239,Chell
1240,Chell
1241,Chell
1242,Chell
1243,Chell
1244,Chell
1245,Chell
1246,Chell
1247,Chell
1248,Chell
1249,Chell
1250,Chell
1251,Chell
1252,Chell
1253,Chell
1254,Chell
1255,Chell
1256,Chell
1257,Chell
1258,Chell
1259,Chell
1260,Chell
1261,Chell
1262,Chell
1263,Chell
1264,Chell
1265,Chell
1266,Chell
1267,Chell
1268,Chell
1269,Chell
1270,Chell
1271,Chell
1272,Chell
1273,Chell
1274,Chell
1275,Chell
1276,Chell
1277,Chell
1278,Chell
1279,Chell
1280,Chell
1281,Chell
1282,Chell
1283,Chell
1284,Chell
1285,Chell
1286,Chell
1287,Chell
1288,Chell
1289,Chell
1290,Chell
1291,Chell
1292,Chell
1293,Chell
1294,Chell
1295,Chell
1296,Chell
1297,Chell
1298,Chell
1299,Chell
1300,Chell
1301,Chell
1302,Chell
1303,Chell
1304,Chell
1305,Chell
1306,Chell
1307,Chell
1308,Chell
1309,Chell
1310,Chell
1311,Chell
1312,Chell
1313,Chell
1314,Chell
1315,Chell
1316,Chell
1317,Chell
1318,Chell
1319,Chell
1320,Chell
1321,Chell
1322,Chell
1323,Chell
1324,Chell
1325,Chell
1326,Chell
1327,Chell
1328,Chell
1329,Chell
1330,Chell
1331,Chell
1332,Chell
1333,Chell
1334,Chell
1335,Chell
1336,Chell
1337,Chell
1338,Chell
1339,Chell
1340,Chell
1341,Chell
1342,Chell
1343,Chell
1344,Chell
1345,Chell
1346,Chell
1347,Chell
1348,Chell
1349,Chell
1350,Chell
1351,Chell
1352,Chell
1353,Chell
1354,Chell
1355,Chell
1356,Chell
1357,Chell
1358,Chell
1359,Chell
1360,Chell
1361,Chell
1362,Chell
1363,Chell
1364,Chell
1365,Chell
1366,Chell
1367,Chell
1368,Chell
1369,Chell
1370,Chell
1371,Chell
1372,Chell
1373,Chell
1374,Chell
1375,Chell
1376,Chell
1377,Chell
1378,Chell
1379,Chell
1380,Chell
1381,Chell
1382,Chell
1383,Chell
1384,Chell
1385,Chell
1386,Chell
1387,Chell
1388,Chell
1389,Chell
1390,Chell
1391,Chell
1392,Chell
1393,Chell
1394,Chell
1395,Chell
1396,Chell
1397,Chell
1398,Chell
1399,Chell
1400,Chell
1401,Chell
1402,Chell
1403,Chell
1404,Chell
1405,Chell
1406,Chell
1407,Chell
1408,Chell
1409,Chell
1410,Chell
1411,Chell
1412,Chell
1413,Chell
1414,Chell
1415,Chell
1416,Chell
1417,Chell
1418,Chell
1419,Chell
1420,Chell
1421,Chell
1422,Chell
1423,Chell
1424,Chell
1425,Chell
1426,Chell
1427,Chell
1428,Chell
1429,Chell
1430,Chell
1431,Chell
1432,Chell
1433,Chell
1434,Chell
1435,Chell
1436,Chell
1437,Chell
1438,Chell
1439,Chell
1440,Chell
1441,Chell
1442,Chell
1443,Chell
1444,Chell
1445,Chell
1446,Chell
1447,Chell
1448,Chell
1449,Chell
1450,Chell
1451,Chell
1452,Chell
1453,Chell
1454,Chell
1455,Chell
1456,Chell
1457,Chell
1458,Chell
1459,Chell
1460,Chell
1461,Chell
1462,Chell
1463,Chell
1464,Chell
1465,Chell
1466,Chell
1467,Chell
1468,Chell
1469,Chell
1470,Chell
1471,Chell
1472,Chell
1473,Chell
1474,Chell
1475,Chell
1476,Chell
1477,Chell
1478,Chell
1479,Chell
1480,Chell
1481,Chell
1482,Chell
1483,Chell
1484,Chell
1485,Chell
1486,Chell
1487,Chell
1488,Chell
1489,Chell
1490,Chell
1491,Chell
1492,Chell
1493,Chell
1494,Chell
1495,Chell
1496,Chell
1497,Chell
1498,Chell
1499,Chell
